{
  "feature_means": [
    0.0024447718169540167,
    -0.0009769437601789832,
    -0.0033507002517580986,
    -0.00329645280726254,
    28.89933967590332,
    44.44626998901367,
    0.13195304572582245,
    0.17234203219413757,
    1.196006178855896
  ],
  "feature_stds": [
    0.7082644701004028,
    0.7059758901596069,
    0.7056559920310974,
    0.7082833647727966,
    16.72824478149414,
    17.353466033935547,
    0.3580673038959503,
    1.0433316230773926,
    3.5747451782226562
  ],
  "target_means": [
    0.1317969262599945,
    0.1722719967365265,
    44.43629837036133
  ],
  "target_stds": [
    0.35922130942344666,
    1.0527194738388062,
    17.369888305664062
  ]
}