{
  "feature_means": [
    6.83550097164698e-05,
    -0.030200429260730743,
    0.00010458718315931037,
    -0.023046595975756645,
    2.4996538162231445,
    46.39663314819336,
    0.11532128602266312,
    0.17123296856880188,
    1.3178449869155884
  ],
  "feature_stds": [
    0.7152012586593628,
    0.6982839107513428,
    0.7093439102172852,
    0.7045072913169861,
    1.3981105089187622,
    17.228540420532227,
    0.3203955292701721,
    1.1366301774978638,
    4.528148174285889
  ],
  "target_means": [
    0.11595745384693146,
    0.17091141641139984,
    46.39871597290039
  ],
  "target_stds": [
    0.321460485458374,
    1.13606595993042,
    17.256635665893555
  ]
}